https://vietnamnews.vn/politics-laws?p=64,1
https://vietnamnews.vn/politics-laws?p=203,1
https://vietnamnews.vn/politics-laws?p=204,1
https://vietnamnews.vn/politics-laws?p=293,1
https://vietnamnews.vn/politics-laws?p=299,1
https://vietnamnews.vn/politics-laws?p=306,1
https://vietnamnews.vn/politics-laws?p=305,1
https://vietnamnews.vn/politics-laws?p=309,1
https://vietnamnews.vn/politics-laws?p=308,1
https://vietnamnews.vn/politics-laws?p=310,1
https://vietnamnews.vn/politics-laws?p=317,1
https://vietnamnews.vn/politics-laws?p=319,1
https://vietnamnews.vn/politics-laws?p=315,1
https://vietnamnews.vn/politics-laws?p=314,1
https://vietnamnews.vn/politics-laws?p=327,1
https://vietnamnews.vn/politics-laws?p=330,1
https://vietnamnews.vn/politics-laws?p=296,1
https://vietnamnews.vn/politics-laws?p=333,1
https://vietnamnews.vn/politics-laws?p=332,1
https://vietnamnews.vn/politics-laws?p=336,1
https://vietnamnews.vn/politics-laws?p=320,1
https://vietnamnews.vn/politics-laws?p=335,1
https://vietnamnews.vn/politics-laws?p=351,1
https://vietnamnews.vn/politics-laws?p=353,1
https://vietnamnews.vn/politics-laws?p=355,1
https://vietnamnews.vn/politics-laws?p=359,1
https://vietnamnews.vn/politics-laws?p=361,1
https://vietnamnews.vn/politics-laws?p=324,1
https://vietnamnews.vn/politics-laws?p=360,1
https://vietnamnews.vn/politics-laws?p=357,1
https://vietnamnews.vn/politics-laws?p=366,1
https://vietnamnews.vn/politics-laws?p=340,1
https://vietnamnews.vn/politics-laws?p=362,1
https://vietnamnews.vn/politics-laws?p=371,1
https://vietnamnews.vn/politics-laws?p=369,1
https://vietnamnews.vn/politics-laws?p=378,1
https://vietnamnews.vn/politics-laws?p=377,1
https://vietnamnews.vn/politics-laws?p=379,1
https://vietnamnews.vn/politics-laws?p=382,1
https://vietnamnews.vn/politics-laws?p=375,1
https://vietnamnews.vn/politics-laws?p=396,1
https://vietnamnews.vn/politics-laws?p=397,1
https://vietnamnews.vn/politics-laws?p=401,1
https://vietnamnews.vn/politics-laws?p=403,1
https://vietnamnews.vn/politics-laws?p=404,1
https://vietnamnews.vn/politics-laws?p=405,1
https://vietnamnews.vn/politics-laws?p=407,1
https://vietnamnews.vn/politics-laws?p=395,1
https://vietnamnews.vn/politics-laws?p=389,1
https://vietnamnews.vn/politics-laws?p=411,1
https://vietnamnews.vn/politics-laws?p=412,1
https://vietnamnews.vn/politics-laws?p=413,1
https://vietnamnews.vn/politics-laws?p=419,1
https://vietnamnews.vn/politics-laws?p=421,1
https://vietnamnews.vn/politics-laws?p=424,1
https://vietnamnews.vn/politics-laws?p=416,1
https://vietnamnews.vn/politics-laws?p=394,1
https://vietnamnews.vn/politics-laws?p=432,1
https://vietnamnews.vn/politics-laws?p=435,1
https://vietnamnews.vn/politics-laws?p=436,1
https://vietnamnews.vn/politics-laws?p=433,1
https://vietnamnews.vn/politics-laws?p=438,1
https://vietnamnews.vn/politics-laws?p=439,1
https://vietnamnews.vn/politics-laws?p=443,1
https://vietnamnews.vn/politics-laws?p=448,1
https://vietnamnews.vn/politics-laws?p=450,1
https://vietnamnews.vn/politics-laws?p=451,1
https://vietnamnews.vn/politics-laws?p=452,1
https://vietnamnews.vn/politics-laws?p=447,1
https://vietnamnews.vn/politics-laws?p=456,1
https://vietnamnews.vn/politics-laws?p=468,1
https://vietnamnews.vn/politics-laws?p=463,1
https://vietnamnews.vn/politics-laws?p=475,1
https://vietnamnews.vn/politics-laws?p=462,1
https://vietnamnews.vn/politics-laws?p=477,1
https://vietnamnews.vn/politics-laws?p=445,1
https://vietnamnews.vn/politics-laws?p=427,1
https://vietnamnews.vn/politics-laws?p=495,1
https://vietnamnews.vn/politics-laws?p=486,1
https://vietnamnews.vn/politics-laws?p=500,1
https://vietnamnews.vn/politics-laws?p=501,1
https://vietnamnews.vn/politics-laws?p=502,1
https://vietnamnews.vn/politics-laws?p=497,1
https://vietnamnews.vn/politics-laws?p=510,1
https://vietnamnews.vn/politics-laws?p=511,1
https://vietnamnews.vn/politics-laws?p=513,1
https://vietnamnews.vn/politics-laws?p=484,1
https://vietnamnews.vn/politics-laws?p=508,1
https://vietnamnews.vn/politics-laws?p=533,1
https://vietnamnews.vn/politics-laws?p=528,1
https://vietnamnews.vn/politics-laws?p=541,1
https://vietnamnews.vn/politics-laws?p=544,1
https://vietnamnews.vn/politics-laws?p=547,1
https://vietnamnews.vn/politics-laws?p=539,1
https://vietnamnews.vn/politics-laws?p=554,1
https://vietnamnews.vn/politics-laws?p=535,1
https://vietnamnews.vn/politics-laws?p=556,1
https://vietnamnews.vn/politics-laws?p=561,1
https://vietnamnews.vn/politics-laws?p=562,1
https://vietnamnews.vn/politics-laws?p=566,1
https://vietnamnews.vn/politics-laws?p=553,1
https://vietnamnews.vn/politics-laws?p=568,1
https://vietnamnews.vn/politics-laws?p=574,1
https://vietnamnews.vn/politics-laws?p=575,1
https://vietnamnews.vn/politics-laws?p=578,1
https://vietnamnews.vn/politics-laws?p=580,1
https://vietnamnews.vn/politics-laws?p=567,1
https://vietnamnews.vn/politics-laws?p=564,1
https://vietnamnews.vn/politics-laws?p=587,1
https://vietnamnews.vn/politics-laws?p=588,1
https://vietnamnews.vn/politics-laws?p=589,1
https://vietnamnews.vn/politics-laws?p=585,1
https://vietnamnews.vn/politics-laws?p=592,1
https://vietnamnews.vn/politics-laws?p=577,1
https://vietnamnews.vn/politics-laws?p=601,1
https://vietnamnews.vn/politics-laws?p=602,1
https://vietnamnews.vn/politics-laws?p=603,1
https://vietnamnews.vn/politics-laws?p=606,1
https://vietnamnews.vn/politics-laws?p=608,1
https://vietnamnews.vn/politics-laws?p=591,1
https://vietnamnews.vn/politics-laws?p=616,1
https://vietnamnews.vn/politics-laws?p=612,1
https://vietnamnews.vn/politics-laws?p=620,1
https://vietnamnews.vn/politics-laws?p=611,1
https://vietnamnews.vn/politics-laws?p=625,1
https://vietnamnews.vn/politics-laws?p=599,1
https://vietnamnews.vn/politics-laws?p=627,1
https://vietnamnews.vn/politics-laws?p=632,1
https://vietnamnews.vn/politics-laws?p=640,1
https://vietnamnews.vn/politics-laws?p=643,1
https://vietnamnews.vn/politics-laws?p=645,1
https://vietnamnews.vn/politics-laws?p=646,1
https://vietnamnews.vn/politics-laws?p=647,1
https://vietnamnews.vn/politics-laws?p=633,1
https://vietnamnews.vn/politics-laws?p=630,1
https://vietnamnews.vn/politics-laws?p=653,1
https://vietnamnews.vn/politics-laws?p=655,1
https://vietnamnews.vn/politics-laws?p=658,1
https://vietnamnews.vn/politics-laws?p=631,1
https://vietnamnews.vn/politics-laws?p=659,1
https://vietnamnews.vn/politics-laws?p=628,1
https://vietnamnews.vn/politics-laws?p=622,1
https://vietnamnews.vn/politics-laws?p=665,1
https://vietnamnews.vn/politics-laws?p=671,1
https://vietnamnews.vn/politics-laws?p=664,1
https://vietnamnews.vn/politics-laws?p=676,1
https://vietnamnews.vn/politics-laws?p=662,1
https://vietnamnews.vn/politics-laws?p=661,1
https://vietnamnews.vn/politics-laws?p=682,1
https://vietnamnews.vn/politics-laws?p=686,1
https://vietnamnews.vn/politics-laws?p=685,1
https://vietnamnews.vn/politics-laws?p=690,1
https://vietnamnews.vn/politics-laws?p=691,1
https://vietnamnews.vn/politics-laws?p=692,1
https://vietnamnews.vn/politics-laws?p=696,1
https://vietnamnews.vn/politics-laws?p=684,1
https://vietnamnews.vn/politics-laws?p=740,1
https://vietnamnews.vn/politics-laws?p=752,1
https://vietnamnews.vn/politics-laws?p=766,1
https://vietnamnews.vn/politics-laws?p=786,1
https://vietnamnews.vn/politics-laws?p=830,1
https://vietnamnews.vn/politics-laws?p=837,1
https://vietnamnews.vn/politics-laws?p=969,1
https://vietnamnews.vn/politics-laws?p=1166,1
